fname,lname,gender,birth_date
Arlie,Greves,Female,12/23/1965
Frederick,Ody,Male,5/23/1999
Anthe,Shalcras,Female,8/1/1959
Zelig,Chivers,Male,6/22/1974
Miguelita,Durnan,Female,1/18/1944
Bili,Merrydew,Female,8/9/1994
Marquita,Icke,Female,3/10/1946
Claudetta,Matusiak,Female,6/4/1972
Willis,Lawland,Male,10/16/1964
Thurston,Menichini,Male,12/25/1959
Hercules,Athowe,Male,2/5/1987
Elyssa,Johnes,Female,9/13/1950
Daphene,Swatman,Female,12/29/1989
Deanne,Royse,Female,3/15/1992
Betty,Abrashkov,Female,11/22/1985
Stephana,Arpin,Female,5/13/1981
Tabby,Narraway,Female,10/9/1951
Humfrid,Bruggeman,Male,8/7/1977
Wallis,Heelis,Male,7/17/1997
Homerus,Willatt,Male,8/28/1976
Sibley,Snar,Female,9/9/1969
Doyle,Sliney,Male,4/9/1971
Rachelle,Camous,Female,10/15/1985
Arvie,Mollett,Male,5/10/1949
Barbe,Chin,Female,4/21/1986
Angie,Habens,Male,4/21/1990
Aron,Giorio,Male,11/15/1960
Tammy,Latchford,Female,1/25/1953
Estrellita,Shervil,Female,10/11/1958
Bevin,Dyhouse,Male,11/7/1991
Darya,Trebble,Female,2/9/1950
Lorette,Epps,Female,8/19/1995
Waneta,Mosdell,Female,10/27/1946
Tori,Brumbie,Female,6/27/1950
Porty,Miller,Male,1/16/1977
Gunner,Darey,Male,10/12/1968
Wells,Sawdy,Male,4/2/1967
Brynne,Cristofol,Female,3/31/1955
Shane,Gladdin,Male,1/4/1978
Karlan,Fogel,Male,12/3/1993
Kerr,Yakovlev,Male,8/19/1974
Becki,MacSween,Female,3/30/1982
Biddy,Noton,Female,8/25/1971
Tatiana,Sclater,Female,2/17/1989
Etty,Moorey,Female,4/13/1997
Billie,Mogra,Male,1/18/1985
Rob,Pockey,Male,6/10/1962
Gert,Malenfant,Female,5/6/1971
Tisha,Normington,Female,7/28/1981
Munroe,Gross,Male,4/5/1947
Andee,Nichols,Female,10/21/1974
Corella,Furley,Female,1/24/1978
Rosmunda,Placido,Female,5/30/1993
Cherye,Dee,Female,1/6/1984
Ashien,Raycroft,Female,12/20/1979
Issiah,Silbersak,Male,5/1/1997
Ronalda,Letterese,Female,5/28/1970
Ignatius,Karlsen,Male,11/16/1983
Killian,Badsey,Male,9/2/1967
Berkie,Senten,Male,1/12/1953
Rowney,Andreasson,Male,1/31/1966
Quinn,Androlli,Female,12/7/1948
Agustin,Gamil,Male,3/7/1998
Rufus,Leopard,Male,8/2/1964
Miner,Stickins,Male,6/18/1979
Ashley,Eul,Male,11/10/1946
Perceval,Goodlad,Male,4/17/1997
Zola,Twyning,Female,4/19/1970
Amandie,Deverall,Female,6/7/1995
Justis,Lebang,Male,4/7/1945
Olenolin,Kitcher,Male,1/15/1959
Ricki,Rudolfer,Male,5/10/1972
Violetta,Jeaycock,Female,6/14/1989
Emlynne,Gunbie,Female,10/10/1961
Caterina,Edel,Female,7/11/1987
Shelley,Emsden,Male,11/11/1967
Angie,Farrear,Female,12/17/1960
Lindi,Dalyiel,Female,11/21/1944
Alberta,Gavrielly,Female,12/31/1971
Helene,Bassill,Female,11/16/1981
Rafaello,Gulberg,Male,8/15/1962
Ingelbert,Calverd,Male,3/22/1962
Latrina,Gegay,Female,10/12/1984
Adrian,Auckland,Female,10/30/1975
Linnell,Buttrick,Female,12/11/1997
Toby,Moule,Female,11/19/1952
Land,Milvarnie,Male,2/16/1954
Micheil,Castelluzzi,Male,5/30/1997
Devlen,Probin,Male,8/18/1981
Joby,Spensly,Female,1/11/1985
Vale,Aleksandrev,Female,8/20/1944
Keeley,Dallemore,Female,9/25/1946
Antonia,Pardie,Female,4/21/1962
Rodney,Akhurst,Male,10/18/1990
Cirilo,Mallam,Male,4/24/1964
Ware,Le land,Male,5/26/1965
Darell,Colquit,Female,3/3/1945
Nesta,Vasilic,Female,5/19/1959
Ciro,Herreros,Male,5/30/1976
Lyle,Spillett,Male,6/22/1951
